{
  "type": "minecraft:add",
  "argument1": {
    "type": "minecraft:mul",
    "argument1": {
      "type": "minecraft:clamp",
      "input": {
        "type": "minecraft:interpolated",
        "argument": {
          "type": "minecraft:mul",
          "argument1": {
            "type": "minecraft:mul",
            "argument1": {
              "type": "minecraft:mul",
              "argument1": {
                "type": "minecraft:clamp",
                "input": {
                  "type": "minecraft:add",
                  "argument1": {
                    "type": "minecraft:mul",
                    "argument1": {
                      "type": "minecraft:square",
                      "argument": {
                        "type": "minecraft:abs",
                        "argument": {
                          "type": "minecraft:add",
                          "argument1": "minecraft:y",
                          "argument2": -64
                        }
                      }
                    },
                    "argument2": -0.008
                  },
                  "argument2": 1
                },
                "min": 0,
                "max": 1
              },
              "argument2": {
                "type": "minecraft:add",
                "argument1": {
                  "type": "minecraft:mul",
                  "argument1": {
                    "type": "minecraft:square",
                    "argument": "tectonic:overworld/ridges"
                  },
                  "argument2": -150
                },
                "argument2": 0.35
              }
            },
            "argument2": "tectonic:overworld/underground_river/pillar"
          },
          "argument2": {
            "type": "minecraft:mul",
            "argument1": {
              "type": "minecraft:clamp",
              "input": {
                "type": "minecraft:add",
                "argument1": {
                  "type": "minecraft:mul",
                  "argument1": {
                    "type": "minecraft:abs",
                    "argument": {
                      "type": "minecraft:mul",
                      "argument1": {
                        "type": "minecraft:cube",
                        "argument": "tectonic:overworld/erosion"
                      },
                      "argument2": 28
                    }
                  },
                  "argument2": -1
                },
                "argument2": 1
              },
              "min": 0,
              "max": 1
            },
            "argument2": {
              "type": "minecraft:add",
              "argument1": {
                "type": "minecraft:mul",
                "argument1": {
                  "type": "minecraft:add",
                  "argument1": {
                    "type": "minecraft:mul",
                    "argument1": {
                      "type": "minecraft:abs",
                      "argument": {
                        "type": "minecraft:add",
                        "argument1": "tectonic:overworld_large_biomes/continents",
                        "argument2": 0.1
                      }
                    },
                    "argument2": -1
                  },
                  "argument2": {
                    "type": "minecraft:abs",
                    "argument": {
                      "type": "minecraft:add",
                      "argument1": "tectonic:overworld_large_biomes/continents",
                      "argument2": 0.2
                    }
                  }
                },
                "argument2": 5
              },
              "argument2": 0.5
            }
          }
        }
      },
      "min": 0,
      "max": 1
    },
    "argument2": -2
  },
  "argument2": 0.2
}